A,B
banc_H.mp3,bain_H.mp3
bain_H.mp3,banc_H.mp3
banc_F.mp3,bain_F.mp3
bain_F.mp3,banc_F.mp3
banc_H.mp3,bon_H.mp3
bon_H.mp3,banc_H.mp3
banc_F.mp3,bon_F.mp3
bon_F.mp3,banc_F.mp3
banc_H.mp3,bas_H.mp3
bas_H.mp3,banc_H.mp3
banc_F.mp3,bas_F.mp3
bas_F.mp3,banc_F.mp3
bon_H.mp3,beau_H.mp3
beau_H.mp3,bon_H.mp3
bon_F.mp3,beau_F.mp3
beau_F.mp3,bon_F.mp3
bon_H.mp3,bain_H.mp3
bain_H.mp3,bon_H.mp3
bon_F.mp3,bain_F.mp3
bain_F.mp3,bon_F.mp3
vont_H.mp3,vin_H.mp3
vin_H.mp3,vont_H.mp3
vont_F.mp3,vin_F.mp3
vin_F.mp3,vont_F.mp3
vont_H.mp3,vend_H.mp3
vend_H.mp3,vont_H.mp3
vont_F.mp3,vend_F.mp3
vend_F.mp3,vont_F.mp3
vont_H.mp3,veau_H.mp3
veau_H.mp3,vont_H.mp3
vont_F.mp3,veau_F.mp3
veau_F.mp3,vont_F.mp3
vin_H.mp3,vend_H.mp3
vend_H.mp3,vin_H.mp3
vin_F.mp3,vend_F.mp3
vend_F.mp3,vin_F.mp3
vin_H.mp3,vais_H.mp3
vais_H.mp3,vin_H.mp3
vin_F.mp3,vais_F.mp3
vais_F.mp3,vin_F.mp3
vend_H.mp3,va_H.mp3
va_H.mp3,vend_H.mp3
vend_F.mp3,va_F.mp3
va_F.mp3,vend_F.mp3
cent_H.mp3,ça_H.mp3
ça_H.mp3,cent_H.mp3
cent_F.mp3,ça_F.mp3
ça_F.mp3,cent_F.mp3
cent_H.mp3,son_H.mp3
son_H.mp3,cent_H.mp3
cent_F.mp3,son_F.mp3
son_F.mp3,cent_F.mp3
cent_H.mp3,sein_H.mp3
sein_H.mp3,cent_H.mp3
cent_F.mp3,sein_F.mp3
sein_F.mp3,cent_F.mp3
son_H.mp3,saut_H.mp3
saut_H.mp3,son_H.mp3
son_F.mp3,saut_F.mp3
saut_F.mp3,son_F.mp3
son_H.mp3,sein_H.mp3
sein_H.mp3,son_H.mp3
son_F.mp3,sein_F.mp3
sein_F.mp3,son_F.mp3
sein_H.mp3,sais_H.mp3
sais_H.mp3,sein_H.mp3
sein_F.mp3,sais_F.mp3
sais_F.mp3,sein_F.mp3
dent_H.mp3,don_H.mp3
don_H.mp3,dent_H.mp3
dent_F.mp3,don_F.mp3
don_F.mp3,dent_F.mp3
dent_H.mp3,de_H.mp3
de_H.mp3,dent_H.mp3
dent_F.mp3,de_F.mp3
de_F.mp3,dent_F.mp3
don_H.mp3,dos_H.mp3
dos_H.mp3,don_H.mp3
don_F.mp3,dos_F.mp3
dos_F.mp3,don_F.mp3
fin_H.mp3,fait_H.mp3
fait_H.mp3,fin_H.mp3
fin_F.mp3,fait_F.mp3
fait_F.mp3,fin_F.mp3
fin_H.mp3,fee_H.mp3
fee_H.mp3,fin_H.mp3
fin_F.mp3,fee_F.mp3
fee_F.mp3,fin_F.mp3
fin_H.mp3,fond_H.mp3
fond_H.mp3,fin_H.mp3
fin_F.mp3,fond_F.mp3
fond_F.mp3,fin_F.mp3
fond_H.mp3,faux_H.mp3
faux_H.mp3,fond_H.mp3
fond_F.mp3,faux_F.mp3
faux_F.mp3,fond_F.mp3
gant_H.mp3,gars_H.mp3
gars_H.mp3,gant_H.mp3
gant_F.mp3,gars_F.mp3
gars_F.mp3,gant_F.mp3
lent_H.mp3,la_H.mp3
la_H.mp3,lent_H.mp3
lent_F.mp3,la_F.mp3
la_F.mp3,lent_F.mp3
lent_H.mp3,lin_H.mp3
lin_H.mp3,lent_H.mp3
lent_F.mp3,lin_F.mp3
lin_F.mp3,lent_F.mp3
lent_H.mp3,long_H.mp3
long_H.mp3,lent_H.mp3
lent_F.mp3,long_F.mp3
long_F.mp3,lent_F.mp3
lin_H.mp3,lait_H.mp3
lait_H.mp3,lin_H.mp3
lin_F.mp3,lait_F.mp3
lait_F.mp3,lin_F.mp3
lin_H.mp3,long_H.mp3
long_H.mp3,lin_H.mp3
lin_F.mp3,long_F.mp3
long_F.mp3,lin_F.mp3
long_H.mp3,lot_H.mp3
lot_H.mp3,long_H.mp3
long_F.mp3,lot_F.mp3
lot_F.mp3,long_F.mp3
mai_H.mp3,ment_H.mp3
ment_H.mp3,mai_H.mp3
mai_F.mp3,ment_F.mp3
ment_F.mp3,mai_F.mp3
met_H.mp3,ment_H.mp3
ment_H.mp3,met_H.mp3
met_F.mp3,ment_F.mp3
ment_F.mp3,met_F.mp3
ment_H.mp3,mont_H.mp3
mont_H.mp3,ment_H.mp3
ment_F.mp3,mont_F.mp3
mont_F.mp3,ment_F.mp3
pain_H.mp3,paix_H.mp3
paix_H.mp3,pain_H.mp3
pain_F.mp3,paix_F.mp3
paix_F.mp3,pain_F.mp3
pain_H.mp3,pend_H.mp3
pend_H.mp3,pain_H.mp3
pain_F.mp3,pend_F.mp3
pend_F.mp3,pain_F.mp3
pain_H.mp3,pont_H.mp3
pont_H.mp3,pain_H.mp3
pain_F.mp3,pont_F.mp3
pont_F.mp3,pain_F.mp3
pont_H.mp3,pend_H.mp3
pend_H.mp3,pont_H.mp3
pont_F.mp3,pend_F.mp3
pend_F.mp3,pont_F.mp3
pont_H.mp3,pot_H.mp3
pot_H.mp3,pont_H.mp3
pont_F.mp3,pot_F.mp3
pot_F.mp3,pont_F.mp3
pend_H.mp3,pas_H.mp3
pas_H.mp3,pend_H.mp3
pend_F.mp3,pas_F.mp3
pas_F.mp3,pend_F.mp3
plains_H.mp3,plat_H.mp3
plat_H.mp3,plains_H.mp3
plains_F.mp3,plat_F.mp3
plat_F.mp3,plains_F.mp3
rein_H.mp3,raie_H.mp3
raie_H.mp3,rein_H.mp3
rein_F.mp3,raie_F.mp3
raie_F.mp3,rein_F.mp3
rein_H.mp3,rat_H.mp3
rat_H.mp3,rein_H.mp3
rein_F.mp3,rat_F.mp3
rat_F.mp3,rein_F.mp3
rein_H.mp3,rend_H.mp3
rend_H.mp3,rein_H.mp3
rein_F.mp3,rend_F.mp3
rend_F.mp3,rein_F.mp3
rein_H.mp3,rond_H.mp3
rond_H.mp3,rein_H.mp3
rein_F.mp3,rond_F.mp3
rond_F.mp3,rein_F.mp3
rend_H.mp3,rond_H.mp3
rond_H.mp3,rend_H.mp3
rend_F.mp3,rond_F.mp3
rond_F.mp3,rend_F.mp3
rend_H.mp3,rat_H.mp3
rat_H.mp3,rend_H.mp3
rend_F.mp3,rat_F.mp3
rat_F.mp3,rend_F.mp3
rond_H.mp3,rot_H.mp3
rot_H.mp3,rond_H.mp3
rond_F.mp3,rot_F.mp3
rot_F.mp3,rond_F.mp3
tais_H.mp3,the_H.mp3
the_H.mp3,tais_H.mp3
tais_F.mp3,the_F.mp3
the_F.mp3,tais_F.mp3
